2,2,3123,4,,"?ÿÿ1^?€1G?LOCALAPPDATA=C:\Users\WCZ13\AppData\Local¤rT=2C:\WINDOWS\System32\gdi32full.dll†rU?ˆšĞñ?ø¡ ? €üö?ˆèĞî€{Ôw€{ÔwĞï@.u8C.u?u4C.u?ÿÿÿÿmsvcp_win.dll¸rT!?ĞğˆèØğè˜è¸â'u i(u?BD€?¨ïÌ¢€zÔwÄèY??˜é˜é˜éDuÃwq?D?'u°Íªé3?ğñÌl¤rT=?C:\WINDOWS\System32\msvcp_win.dllrU?x0?		? ?hU?hU`^tifiersll¸rT!?ğòĞîøòØîX?¡w@ç¢w€@B€?¨ñÌ¢àzÔwàzÔw¾¡rhĞéĞéĞéHtÃwEdD?uF¡wU·«??ü‡?¤rT=?C:\WINDOWS\System32\ADVAPI32.dllŠrU?íèóS",,,,,
,,,,,,,,,,
? ôèó€¤u¸‚¤uHu°‚¤u?ÿÿÿÿmsvcrt.dll¸rT!??Ğğ?Øğ ?™u`Vœu?<> óÈóÌ¢ÿÿXzÔw<F16İÅ`?`?`?¡wÃwÈùĞæYYÔùlM™uz¬é3?K/g§rT>?,,,,,,,,,,
C:\WINDOWS\System32\msvcrt.dllŠrU?Ğñx,,,,,,,,,,
,,,,,,,,,,
"? ?0ÜÄu@ÿÿÿÿC:\WINDOWS\SYSTEM32\sechost.dll¸rT!?`?ğòh?øòàğp?u¯u@>@¸õàõÌ¢xzÔwxzÔw›Æ?Èë´ùÈë¡wÃw`M8??…úu?­é3?ï´?§rT>?C:\WINDOWS\System32\sechost.dll¨rT1?À•p?±rU)?ĞïXVosoft.Windows.FileSystem.CMDx		?Ğï ??`^À•.dll¯p\<??À•ÀĞàğ†›±ğD??g27?€q2)?€??€?u?ˆP?X??``uSbu<>0XÌ¢zÔw",XTw?Èë?\?uÃwX?e?`uß±­é3?CkÌ?o?ˆ¬{Ôw´{Ôw?Zt HZt`:<8,,,,,,,,,
`,,,,,,,,,,
Ì¢ğzÔwğzÔw-a?X?X?X?Ãw?|?ôı?Zt;ú¯???—Ö?A?€?»ñ€:<Üûpë¿?,ê¿??À[tØÂ[t ZZtĞÂ[t`ÿÿÿÿC:\WINDOWS\system32\IMM32.DLL,,,,,,,,,
"3­ñ€3‡ñ€!3ùñ	?PX`Nt *Nt?BD??Ì¢¨zÔw¨zÔw_r/x?x?x?OtÃw?…úNtŒ›®é3?•N´}K3Óñ",,,,,,,,,,
€U3Åñ€3??€???88???,,,,,,,,,,
€??€?}?€?W?ˆ€?`?ˆıh?p?ıOtÀÉOt>@??Ì¢èzÔwèzÔwW±²RÈëÈë´ù`uÃwèıx?XXeWOt?®é3?]À”??I???€??ˆıı?¥upö§u€PR?,,,,,,,,,,
(*?,,,,,,,,,,
Ì¢ÿÿpzÔwpzÔw×¢dh ? ? ?NtÃwÑæe¥uq7¯é3?ÎÒ]??£ğ€•ğ€/ğ€9áğ€CÛğ€§rT>?,,,,,,,,,,
"C:\WINDOWS\System32\RPCRT4.dllŒrU?èóĞï? ?ˆğp²Pt?Ptl²PtÿÿÿÿSspiCli.dll§rT>?C:\WINDOWS\System32\SspiCli.dll rT9??˜ç@	hDˆF??8Zè¡rT8?l(T	\	zh-CN¤rT=?C:\WINDOWS\System32\CRYPTBASE.dll·rT.? wt?p? ãŸw ãŸw ãŸw ãŸw ãŸwàŸww˜œww¢rT;?C:\WINDOWS\System32\bcryptPrimitives.dll¿rT&?fX‘áeX‘¡fX‘á·Ç{á·Ç{á·Ç{á·Ç{á·Ç{á·Ç{á·Ç{á·Ç{á·Ç{á·Ç{á·Ç{á·Ç{á·Ç{á·Ç{á·Ç{á·Ç{á·Ç{á·Ç{á·Ç{á·Ç{á·Ç{á·Ç{á·Ç{á·Ç{á·Ç{á·Ç{á·Ç{á·Ç{á·Ç{¤rT=?'u?¶rT/? wÔªĞª ãŸw ãŸw ãŸw ãŸw ãŸwàŸww˜œww¤rT=?T'u?ªrT3??'uX¤rT=?C:\WINDOWS\System32\IMM32.DLLïrTv?         (((((                  H?????????????????????? ïrTv?         (((((                  H?????????????????????? ¦rT??°n¨u?ªuşN§¾ùN©„ÕG3?şN§¾ùN©„ÕG3«rT2?	ALLUSERSPROFILE=C:\ProgramData¨rT1?	APPDATA=C:\Users\WCZ13\AppData\Roaming«rT2?COMPUTERNAME=MSIïrTv?         (((((                  H?????????????????????? /r\¾İ2h?",,,,,,,,,,
"ÀĞàğÆx?|ÿÿÿÿÿÿÿÿ6?‹ÖÜ¶?4?ŠhTÛV:??fgŒN8??>??<??""?ŠhT	N ?‹ÖÜË?/&?‹ÖÜÎ?-$?	‰ĞÇÆÚÎ?+*?",,,,,,,,,,
‰ĞÇÆÚÈ?)(??'.?‰ĞÇÆÚÒ?%,?,,,,,,,,,
"?fgN#?‰ĞÇÆÚ¶?!??fgÛV??ŠhTN=??;??9?‹ÖÜÈ?7??fg	N5?ŠhTŒN3?‰ĞÇÆÚË?1?ŠhT”NO??fg”NM?‹ÖÜÁ?K",,,,,,,,,,
"?‰ĞÇÆÚÁ?IñJ?G??E??Cr??Ap??_v? ?]t?!Œ¥[z?""?Yx?#£?W~?$??U|?%??Sb?&‹ÖÜÒ?Q`ñJ'ˆÀ?of?(??md?)??kj?*??ih?+??gn?",??el?-??cR?.??aP?/ŒCNYV?0?}T?1??{Z?2??yX?3?w^?4?u\?5??sB?6ˆCNYq@?7???F?8???D?9??J?:???H?;???N?<?rT2¡Á–‘ÁÁ–‘AÁ–?Á–‘ÁÀ–‘áÀ–‘¡À–‘aÀ–‘À–?À–?À–‘AÀ–‘¡Ï–‘ÁÏ–‘áÏ–‘AÏ–‘aÏ–‘Ï–‘áÎ–?Ï–?Ï–‘ÁÎ–‘Î–‘¡Î–‘aÎ–?Î–‘AÎ–?Î–‘ÁÍ–‘áÍ–‘¡Í–‘aÍ–‘Í–‘AÍ–?Í–?Í–‘áÌ–‘¡Ì–‘ÁÌ–‘Á–‘aÁ–?Á–‘á·Ç{á·Ç{á·Ç{á·Ç{á·Ç{á·Ç{á·Ç{á·Ç{á·Ç{á·Ç{á·Ç{á·Ç{á·Ç{á·Ç{á·Ç{á·Ç{á·Ç{á·Ç{á·Ç{á·Ç{á·Ç{á·Ç{¯s\??¬?ÀĞàğŞuH??F4ô¼7?€?>?€?%?€?,"?€??ŠPATHEXT=.COM;.EXE;.BAT;.CMD;.VBS;.VBE;.JS;.JSE;.WSF;.WSH;.MSC??€?	?€ÿp?€??€",,,,,,,,
"f?	ŒVisualStudioDir=C:\Users\WCZ13\Documents\Visual Studio 2017m?",,,,,,,,,,
ŒpD:\springCode\tushuguan7-7\Release\tushuguan7-7.exeT?€C:\WINDOWS\system32\IMM32.DLLC?€)J?,,,,,,,,,,
€\??\C:\WINDOWS\system32\cmd.exe>±ñ???P7¸ñ€L§ñ€E®ñ€Z•ñŒCommonProgramFiles(x86)=C:\Program Files (x86)\Common FilesSœñ€J2?8,,,,,,,,,,
h‹ñŒ@D:\springCode\tushuguan7-7\Release\tushuguan7-7.exeaòñVisualStudioEdition=Microsoft Visual Studio Community 2017vùñ€S2??88 ??àñ€?ïñ€?Öñ€?İñ?? !P?Äñ€\??\C:\WINDOWS\system32\cmd.exeµrT,"?X&?0	.Í[ò&ÜU;?¶[AÉ ¶»tÈ“Át?@€?ÿ/rT¶‡2?ÿÿÿÿ??µrT",2y!şN§¾ùN©„ÕG3°n¨u??µrT,?QS¬ÉÓ¦(?RIZ!s?DOt€¢Pt?@€?ÿ¿rT&???es (x86)\Common FilesCommonProgramFiles(x86)=C:\Program FilÀrTY?0‘Lt8øQ°ï?0ğ¿?.ACPChinese (Simplified)_China.936?zh-CN/sT·ò2ÿÿÿÿÿÿÿÿ???,,,,,,,
,,,,,,,,,,
,,,,,,,,,,
ÿÿÿÿÿÿÿÿ???,,,,,,,,,,
,,,,,,,,,,
,,,,,,,,,,
ÿÿÿÿÿÿÿÿ???,,,,,,,,,,
,,,,,,,,,,
,,,,,,,,,,
ÿÿÿÿÿÿÿÿ?ÿÿÿÿ,,,,,,,,,,
,,,,,,,,,,
,,,,,,,,,,
ÿÿÿÿÿÿÿÿ?ÿÿÿÿ,,,,,,,,,,
,,,,,,,,,,
,,,,,,,,,,
ÿÿÿÿÿÿÿÿ?ÿÿÿÿ,,,,,,,,,,
,,,,,,,,,,
,,,,,,,,,,
ÿÿÿÿÿÿÿÿ?ÿÿÿÿ,,,,,,,,,,
,,,,,,,,,,
,,,,,,,,,,
ÿÿÿÿÿÿÿÿ?ÿÿÿÿ,,,,,,,,,,
,,,,,,,,,,
,,,,,,,,,,
ÿÿÿÿÿÿÿÿ?ÿÿÿÿ,,,,,,,,,,
,,,,,,,,,,
,,,,,,,,,,
ÿÿÿÿÿÿÿÿ?ÿÿÿÿ,,,,,,,,,,
,,,,,,,,,,
,,,,,,,,,,
ÿÿÿÿÿÿÿÿ?ÿÿÿÿ,,,,,,,,,,
,,,,,,,,,,
,,,,,,,,,,
ÿÿÿÿÿÿÿÿ?ÿÿÿÿ,,,,,,,,,,
,,,,,,,,,,
,,,,,,,,,,
ÿÿÿÿÿÿÿÿ?ÿÿÿÿ,,,,,,,,,,
,,,,,,,,,,
,,,,,,,,,,
ÿÿÿÿÿÿÿÿ?ÿÿÿÿ,,,,,,,,,,
,,,,,,,,,,
,,,,,,,,,,
ÿÿÿÿÿÿÿÿ?ÿÿÿÿ,,,,,,,,,,
,,,,,,,,,,
,,,,,,,,,,
ÿÿÿÿÿÿÿÿ?ÿÿÿÿ,,,,,,,,,,
,,,,,,,,,,
,,,,,,,,,,
ÿÿÿÿÿÿÿÿ?ÿÿÿÿ,,,,,,,,,,
,,,,,,,,,,
,,,,,,,,,,
ÿÿÿÿÿÿÿÿ?ÿÿÿÿ,,,,,,,,,,
,,,,,,,,,,
,,,,,,,,,,
ÿÿÿÿÿÿÿÿ?ÿÿÿÿ,,,,,,,,,,
,,,,,,,,,,
,,,,,,,,,,
ÿÿÿÿÿÿÿÿ?ÿÿÿÿ,,,,,,,,,,
,,,,,,,,,,
,,,,,,,,,,
ÿÿÿÿÿÿÿÿ?ÿÿÿÿ,,,,,,,,,,
,,,,,,,,,,
,,,,,,,,,,
ÿÿÿÿÿÿÿÿ?ÿÿÿÿ,,,,,,,,,,
,,,,,,,,,,
,,,,,,,,,,
ÿÿÿÿÿÿÿÿ?ÿÿÿÿ,,,,,,,,,,
,,,,,,,,,,
,,,,,,,,,,
ÿÿÿÿÿÿÿÿ?ÿÿÿÿ,,,,,,,,,,
,,,,,,,,,,
,,,,,,,,,,
ÿÿÿÿÿÿÿÿ?ÿÿÿÿ,,,,,,,,,,
,,,,,,,,,,
,,,,,,,,,,
ÿÿÿÿÿÿÿÿ?ÿÿÿÿ,,,,,,,,,,
,,,,,,,,,,
,,,,,,,,,,
ÿÿÿÿÿÿÿÿ?ÿÿÿÿ,,,,,,,,,,
,,,,,,,,,,
,,,,,,,,,,
ÿÿÿÿÿÿÿÿ?ÿÿÿÿ,,,,,,,,,,
,,,,,,,,,,
,,,,,,,,,,
ÿÿÿÿÿÿÿÿ?ÿÿÿÿ,,,,,,,,,,
,,,,,,,,,,
,,,,,,,,,,
ÿÿÿÿÿÿÿÿ?ÿÿÿÿ,,,,,,,,,,
,,,,,,,,,,
,,,,,,,,,,
ÿÿÿÿÿÿÿÿ?ÿÿÿÿ,,,,,,,,,,
,,,,,,,,,,
,,,,,,,,,,
ÿÿÿÿÿÿÿÿ?ÿÿÿÿ,,,,,,,,,,
,,,,,,,,,,
,,,,,,,,,,
ÿÿÿÿÿÿÿÿ?ÿÿÿÿ,,,,,,,,,,
,,,,,,,,,,
,,,,,,,,,,
ÿÿÿÿÿÿÿÿ?ÿÿÿÿ,,,,,,,,,,
,,,,,,,,,,
,,,,,,,,,,
ÿÿÿÿÿÿÿÿ?ÿÿÿÿ,,,,,,,,,,
,,,,,,,,,,
,,,,,,,,,,
ÿÿÿÿÿÿÿÿ?ÿÿÿÿ,,,,,,,,,,
,,,,,,,,,,
,,,,,,,,,,
ÿÿÿÿÿÿÿÿ?ÿÿÿÿ,,,,,,,,,,
,,,,,,,,,,
,,,,,,,,,,
ÿÿÿÿÿÿÿÿ?ÿÿÿÿ,,,,,,,,,,
,,,,,,,,,,
,,,,,,,,,,
ÿÿÿÿÿÿÿÿ?ÿÿÿÿ,,,,,,,,,,
,,,,,,,,,,
,,,,,,,,,,
ÿÿÿÿÿÿÿÿ?ÿÿÿÿ,,,,,,,,,,
,,,,,,,,,,
,,,,,,,,,,
ÿÿÿÿÿÿÿÿ?ÿÿÿÿ,,,,,,,,,,
,,,,,,,,,,
,,,,,,,,,,
ÿÿÿÿÿÿÿÿ?ÿÿÿÿ,,,,,,,,,,
,,,,,,,,,,
,,,,,,,,,,
ÿÿÿÿÿÿÿÿ?ÿÿÿÿ,,,,,,,,,,
,,,,,,,,,,
,,,,,,,,,,
ÿÿÿÿÿÿÿÿ?ÿÿÿÿ,,,,,,,,,,
,,,,,,,,,,
,,,,,,,,,,
ÿÿÿÿÿÿÿÿ?ÿÿÿÿ,,,,,,,,,,
,,,,,,,,,,
,,,,,,,,,,
ÿÿÿÿÿÿÿÿ?ÿÿÿÿ,,,,,,,,,,
,,,,,,,,,,
,,,,,,,,,,
ÿÿÿÿÿÿÿÿ?ÿÿÿÿ,,,,,,,,,,
,,,,,,,,,,
,,,,,,,,,,
ÿÿÿÿÿÿÿÿ?ÿÿÿÿ,,,,,,,,,,
,,,,,,,,,,
,,,,,,,,,,
ÿÿÿÿÿÿÿÿ?ÿÿÿÿ,,,,,,,,,,
,,,,,,,,,,
,,,,,,,,,,
ÿÿÿÿÿÿÿÿ?ÿÿÿÿ,,,,,,,,,,
,,,,,,,,,,
,,,,,,,,,,
ÿÿÿÿÿÿÿÿ?ÿÿÿÿ,,,,,,,,,,
,,,,,,,,,,
,,,,,,,,,,
ÿÿÿÿÿÿÿÿ?ÿÿÿÿ,,,,,,,,,,
,,,,,,,,,,
,,,,,,,,,,
ÿÿÿÿÿÿÿÿ?ÿÿÿÿ,,,,,,,,,,
,,,,,,,,,,
,,,,,,,,,,
ÿÿÿÿÿÿÿÿ?ÿÿÿÿ,,,,,,,,,,
,,,,,,,,,,
,,,,,,,,,,
ÿÿÿÿÿÿÿÿ?ÿÿÿÿ,,,,,,,,,,
,,,,,,,,,,
,,,,,,,,,,
ÿÿÿÿÿÿÿÿ?ÿÿÿÿ,,,,,,,,,,
,,,,,,,,,,
,,,,,,,,,,
ÿÿÿÿÿÿÿÿ?ÿÿÿÿ,,,,,,,,,,
,,,,,,,,,,
,,,,,,,,,,
ÿÿÿÿÿÿÿÿ?ÿÿÿÿ,,,,,,,,,,
,,,,,,,,,,
,,,,,,,,,,
ÿÿÿÿÿÿÿÿ?ÿÿÿÿ,,,,,,,,,,
,,,,,,,,,,
,,,,,,,,,,
ÿÿÿÿÿÿÿÿ?ÿÿÿÿ,,,,,,,,,,
,,,,,,,,,,
,,,,,,,,,,
ÿÿÿÿÿÿÿÿ?ÿÿÿÿ,,,,,,,,,,
,,,,,,,,,,
,,,,,,,,,,
ÿÿÿÿÿÿÿÿ?ÿÿÿÿ,,,,,,,,,,
,,,,,,,,,,
,,,,,,,,,,
ÿÿÿÿÿÿÿÿ?ÿÿÿÿ,,,,,,,,,,
,,,,,,,,,,
,,,,,,,,,,
ÿÿÿÿÿÿÿÿ?ÿÿÿÿ,,,,,,,,,,
,,,,,,,,,,
,,,,,,,,,,
ërTr3?Á£Ú£ ((((((((((((((((((((((((((abcdefghijklmnopqrstuvwxyzABCDEFGHIJKLMNOPQRSTUVWXYZ©Lt¿rT&?ğ¬ğ¬ğ´?ğ´(ğ´SR?SR?SR?SR?SR?SR?SR?SR?SR?SR?SR?SR?SR?SR?SR?SR?SR?SR?SR?SR?SR?SR?SR?SR?SR?SR?SR?¯sT7??Mt?Mt?MtªrT3?,,,,,,,,,,
HOMEPATH=\Users\WCZ13/r\¾˜2à¬À•,,,,,,,,,,
"ÀĞàğN. ?üB?""ñî7ñ\LOGONSERVER=\\MSI?;ñlyyyy'Äê'M'ÔÂ'd'ÈÕ'??ñm€unity\Common?#ñI‰NUMBER_OF_PROCESSORS=8?'ñg€user32.dlla?+?€ALLUSERSPRO?/ñL€44",23,2,0ú¿?ñaŒSESSIONNAME=ConsoleñrˆPROCESSOR_REVISION=9e09,,,,,,,
"ñ\	ˆ˜‘aj`?.",cĞğñr,,,,,,,,,
ˆ„ajPfñr?tD?ŠSystemRoot=C:\WINDOWSñC,,,,,,,,,,
"‰VSSKUEDITION=Communityñeyyyy/M/dsña€zh-CN.wño€mon FilesCo*{ño‰PUBLIC=C:\Users\Public&?€Program File""cñC€people.csvC>gñP€TERNAME=MSI:kñmwindir=C:\WINDOWS6oñ\€ystem32\cmd.2Sñe€configsetrooNWñC_NO_DEBUG_HEAP=1J[ñg€etRootDriveF_ña€sechost.dllBCñy€tem32\Driver^GñD?”FZKñEPROCESSOR_LEVEL=6VOñC‰VSAPPIDNAME=devenv.exe=rT?2Path=C:\Program Files (x86)\Microsoft Visual Studio\2017\Community\Common7\IDE\Extensions\wyhgzaqi.mh1\NativeBinaries\x86;C:\Program Files\Microsoft MPI\Bin\;C:\Program Files (x86)\Intel\iCLS Client\;C:\Program Files\Intel\iCLS Client\;C:\Windows\system32;C:\Windows;C:\Windows\System32\Wbem;C:\Windows\System32\WindowsPowerShell\v1.0\;C:\Program Files (x86)\Intel\Intel(R) Management Engine Components\DAL;C:\Program Files\Intel\Intel(R) Management Engine Components\DAL;D:\python;C:\Program Files (x86)\Intel\Intel(R) Management Engine Components\IPT;C:\Program Files\Intel\Intel(R) Management Engine Components\IPT;C:\Program Files (x86)\NVIDIA Corporation\PhysX\Common;C:\WINDOWS\system32;C:\WINDOWS;C:\WINDOWS\System32\Wbem;C:\WINDOWS\System32\WindowsPowerShell\v1.0\;C:\Program Files\dotnet\;C:\Program Files\Microsoft SQL Server\130\Tools\Binn\;E:\MinGW\bin;D:\Git\cmd;D:\LLVM\bin;C:\WINDOWS\System32\OpenSSH\;C:\Users\WCZ13\AppData\Local\Microsoft\WindowsApps;C:\Users\WCZ13\AppData\Local\atom\bin;D:\vscdoe\Microsoft VS Code\bin;D:\LLVM\bin;D:\LLVM\mingw64\bin;C:\Users\WCZ13\AppData\Local\Microsoft\WindowsApps;C:\Users\WCZ13\AppData\Local\GitHubDesktop\bin¡rT82PkgDefApplicationConfigFile=C:\Users\WCZ13\AppData\Local\Microsoft\VisualStudio\15.0_cb4c5e74\devenv.exe.config«rT2?",,,,,,,,,,
PROCESSOR_ARCHITECTURE=x86«rT2?PROCESSOR_ARCHITEW6432=AMD64¥rT<?PROCESSOR_IDENTIFIER=Intel64 Family 6 Model 158 Stepping 9, GenuineIntel«rT2?,,,,,,,,,
ProgramData=C:\ProgramData«rT2?,,,,,,,,,,
ProgramW6432=C:\Program Files¡rT8?,,,,,,,,,,
PSModulePath=C:\Program Files\WindowsPowerShell\Modules;C:\WINDOWS\system32\WindowsPowerShell\v1.0\Modules«rT2?,,,,,,,,,,
USERDOMAIN_ROAMINGPROFILE=MSI/r\¾™2?À•,,,,,,,,,,
"ÀĞàğ>!(?¬MÀ@ÿ87ñn€kernelbase.dllD5:?€:\python;C:\ProgN=ñm€23iles (x86)\InteK ñI€2ystem\SelectenD+ñE€gine Components\A.ñT€C:\Program FilesZñnUSERPROFILE=C:\Users\WCZ13WñmVisualStudioVersion=15.0Pñt€21IPT;C:\Program mñl	€44 (x86)\NVIDIA Cfñp",,,,,,,,,,
€2ystem\Selectomcñn€C:\WINDOWS\syste|s?€C:\WINDOWS;C:\WIyvñO,,,,,,,,,,
€S\System32\Wbem;ryñ\ˆyyyy't^'M'g'd'åe'?|ñn€023rnel32.dll\v1?gñ\€0:\Program Files?jño€net\;C:\Program ?mñl€\??\HR::DTrampo?Pñr€\??\HR::DTrampo?[?€:\MinGW\bin;D:\G?^ñ\€C:\WINDOWS\system32\cmd.exe?AñW€NDOWS\System32\O?Dñn€2H\;C:\Users\WCZ13\AppData\Local¢rT;2,,,,,,,,,,
"VSAPPIDDIR=C:\Program Files (x86)\Microsoft Visual Studio\2017\Community\Common7\IDE\¶rT/?XT???ìlèl¼R¸RSStYpY$^ ^Ì]È]?@?p^?VTàVhXÈ^?0?`\ğY@[¤rT=?Chinese (Simplified)_China.936ers¤rT=?Chinese (Simplified)_China.936nPÏrTV?€€€€€€€€€€€€€€€€€€€€€€€€€€€€€€€€€€€€€€€€€€€€€€€€€€€€€€€€€€€€€€€€€€€€€€€€€€€€€€€€€€€€€€€€€€€€€€€€€€€€€€€€€€€€€€€€€€€€€€€€€€€€€€         h((((                  H?????????????????????? €€€€€€€€€€€€€€€€€€€€€€€€€€€€€€€€€€€€€€€€€€€€€€€€€€€€€€€€€€€€€€€€€€€€€€€€€€€€€€€€€€€€€€€€€€€€€€€€€€€€€€€€€€€€€€€€€€€€€€€€€€€€€€ŸrT?€‚ƒ„…†‡ˆ‰Š‹Œ‘’“”•–—˜™š›œŸ ¡¢£¤¥¦§Ø©ª«¬­®¯°±²³´µ¶·¸¹º»¼½¾¿ÀÁÂÃÄÅÆÇÈÉÊËÌÍÎÏĞÑÒÓÔÕÖ×ØÙÚÛÜİŞßàáâãäåæçèéêëìíîïğñòóôõö÷øùúûüış	",,,,,,,,,,
,,,,,,,,,,
" !""#$%&'()*+","-./0123456789:;<=>?@abcdefghijklmnopqrstuvwxyz[\]^_`abcdefghijklmnopqrstuvwxyz{|}~€‚ƒ„…†‡ˆ‰Š‹Œ‘’“”•–—˜™š›œŸ ¡¢£¤¥¦§Ø©ª«¬­®¯°±²³´µ¶·¸¹º»¼½¾¿ÀÁÂÃÄÅÆÇÈÉÊËÌÍÎÏĞÑÒÓÔÕÖ×ØÙÚÛÜİŞßàáâãäåæçèéêëìíîïğñòóôõö÷øùúûüışÿŸrT?€‚ƒ„…†‡ˆ‰Š‹Œ‘’“”•–—˜™š›œŸ ¡¢£¤¥¦§¨©ª«¬­®¯°±²³´µ¶·¸¹º»¼½¾¿ÀÁÂÃÄÅÆÇÈÉÊËÌÍÎÏĞÑÒÓÔÕÖ×ØÙÚÛÜİŞßàáâãäåæçèéêëìíîïğñòóôõö÷øùúûüış	",,,,,,,,,
,,,,,,,,,,
" !""#$%&'()*+",-./0123456789:;<=>?@ABCDEFGHIJKLMNOPQRSTUVWXYZ[\]^_`ABCDEFGHIJKLMNOPQRSTUVWXYZ{|}~€‚ƒ„…†‡ˆ‰Š‹Œ‘’“”•–—˜™š›œŸ ¡¢£¤¥¦§¨©ª«¬­®¯°±²³´µ¶·¸¹º»¼½¾¿ÀÁÂÃÄÅÆÇÈÉÊËÌÍÎÏĞÑÒÓÔÕÖ×ØÙÚÛÜİŞßàáâãäåæçèéêëìíîïğñòóôõö÷øùúûüışÿ¤rT=?Chinese (Simplified)_China.936BCDEFG/r\¾–20?À•,,,,,,,,,
ÀĞàğf5?ÜY,,,,,,,,,,
"H??ÿtuvw?6ñ|Œzh-CN    ?;?€en?8??    Z€?=?ˆzh-CN?""?€zh-CN?'?€       ÿ?$ñ¾€?À•l St?)ñi€ Communi?.?€?ñS	€udioVers?ñn",,,,,,,,,,
€15.0VSA?ñIˆH:mm:ss?ñg€am Files?ñx,,,,,,,,,,
€6)\Micro?ñfŒzh-CNl ?ñu€io\2017\?ñm€??ño€7\IDE\V?ñP€IDNAME=d?,,,,,,,,,,
"ñe€v.exeVS?rñN€?wñU€DITION=C?tñm€zh-CNyñr€~?€NO_DEBUGcñE€P=1`ñÑŒzh-CNC:\Peñayyyy/M/dj?€ual Studio\2017\oñu€EMPTYlñ\€ingCode\tushuguaQ?Œzh-CN=C:\Vñr €ataAPPDATA=C:\U.[ñ\!€13\AppData\Roami-Xño""€nProgramFiles=C:(]ñg#€ Files (x86)\Com'BñF$€sCommonProgramF""G?%€)=C:\Program Fil!Dñx&€\Common FilesCo<IñP'€ramW6432=C:\Prog;NñF(€s\Common FilesC¥rT<2Chinese (Simplified)_China.936P`?¤rT=?Chinese (Simplified)_China.936CS_SOU¥rT<?@p€€??? P??????P`?€rT?(a??? HaPp0? 0XbÈaø`¨`è`˜`È`Xc¨bèbdcaØa8bˆa˜a¨aØ`Èbècxc˜cHchc˜bx\(Chba????Xa(b`??€bhaˆ`8aèah`¸a¸cÈcØbc8cdbøaxaHbx`¸`ˆcØc¸bøcøb(c¨c(dÈDèOøZØ\/r\¾²2X?À•",,,,,,,,,,
"ÀĞàğ??T`ÿÿÿÿÿÿÿÿmmon?6ñE?g€4ñgŠ”Ng?:ñB?g?8ñP?ÔÂ?>ñc?ÔÂ?<?ŠmQg?""ñs?ÔÂ? ñL‹ÆßÔ??&ño?ÔÂ?$ñl	?ÔÂ?*?",,,,,,,,,,
ŠhTåe?(?‹Ò»Ô??.ñ\‹ÖÜÈ??,?,,,,,,,,,
?g?ñs‰ĞÇÆÚÈ??ñwŠhTmQ???g?ñl?Ng?ñI‹ËÄÔ??ñe‹ÎåÔ??ñn‹ÁùÔ??ñg?g?ñ\?ÔÂ?ñm‹¶şÔ??ño?g?ñtŠŒNg?,,,,,,,,,,
"ñF?Ng?ñl?fgmQ?ñe?fgåe?ñp‹ÈıÔ??rñrŠÛVg?pñe?ÔÂ?vñg ˆH:mm:ss?tñm!ˆentsX??zñP""ˆram X??x?#‹ÏÂÎ??~ñr$?ÔÂ?|ñm%Š]Ng?bñy&‹°ËÔ??`ñW'?g?fñs(?0ÔÂ?dñI)ˆASNg?jñW*?2ÔÂ?hñl+?0g?nña",ˆASŒNg?l?-?1g?Rñs.‰Ê®¶şÔ??PñS/?ÔÂ?Vñ\0‹ÉÏÎ??Tñb1‹Ê®Ô??Z?2?Ng?XñN3‰Ê®Ò»Ô??^ñp4?,,,,,,,,,
NHS?\ñ\5?g?Bño6?g?@ñi7ŠkQg?Fñe8‹¾ÅÔ??Dña9ŠASgJ?:?1ÔÂHñs;?2g,,,,,,,,,,
"N?<?NHS;D:\LLVMìrTu2r?cèo8n??Xl¸vïrTv?         (((((                  H?????????????????????? ²rT+?QSÁ­?›ÙL”³?j±±0$	Cÿ³rT*€2? j?`j0 jĞjkxmHo˜kˆo¨äÀBàìC?°êhCÈkÀäèF?€KøK LHL¨FD LØmèêÈLğL(EèCäˆDhn¸l?hMğä¨N €ĞN˜QÈF`?¨D¨EF¦rT??	CommonProgramFiles=C:\Program Files (x86)\Common Files¦rT??CommonProgramW6432=C:\Program Files\Common Files¨rT1?ComSpec=C:\WINDOWS\system32\cmd.exe¨rT1?	configsetroot=C:\WINDOWS\ConfigSetRoot¦rT??DriverData=C:\Windows\System32\Drivers\DriverData/r\¾”2¸¬À•",,,,,,,,,,
ÀĞàğ?0?\k¦é??7?€?9?ˆFPS_BROWSER_USER_PROFILE_STRING=Default?#?OneDrive=C:\Users\WCZ13\OneDrive?%?€,,,,,,,,,,
/?€???€C:\WINDOWS\system32\cmd.exe /c pause?ŠTMP=C:\Users\WCZ13\AppData\Local\Temp??Chinese (Simplified)_China.936,"	?	€&s?",,,,,,,,,
€ u?ŠENABLE_XAML_DIAGNOSTICS_SOURCE_INFO=1:?€4a?,,,,,,,,,,
ŒProgramFiles=C:\Program Files (x86)Nk??(ZHm??BW?‰TEMP=C:\Users\WCZ13\AppData\Local\Temp\Y??P??|V???8?4«êHVC?€PE?€¦rT?2FPS_BROWSER_APP_PROFILE_STRING=Internet Explorer¢rT;?FSHARPINSTALLDIR=C:\Program Files (x86)\Microsoft SDKs\F#\10.1\Framework\v4.0\trTí2¸jw èŸw˜±CC¸jw èŸwCCÀrTYF20‘Lt`'MtøQCC'rT¾ò2????<z\Device\HarddiskVolume3\springCode\tushuguan7-7\Release\tushuguan7-7.exe`?ÿÿû¿%Êw'}Ïşÿÿÿ@ú¿yIÇw€??(ú¿hMÇwh@<àú?àådú¿îGÇwH? ¬p–X6ı‘w4?d,,,,,,,,,,
? ÿÿÿ4,,,,,,,,,,
0,,,,,,,,,,
"àåØú?ÚHÇw<?’wH	vN Í™‘w$r?üú?îGÇwMx{û¿„’w? p?XàŸw Š",û¿,,,,,,,,,
Œ’wYÌÅwpİát8û¿ÜŸ‘w?qu?Pû¿v‰‘w$r?€Q?…‰‘w±Lx{/r\?2€?Pf,,,,,,,,,,
"ÀĞàğ??Œ~@rûø]6?€[4?€Y:?€W8?€U>?€S<?€Q""?€o ?€m&?€k$?	€i*?",,,,,,,,,,
€g(?€e.?€c,?,,,,,,,,,
€a?€?€}?€{?€y?€w?€u?€?sñŒ€88q?€??€??€??€?,,,,,,,,,,
"?€??€??€??€?r?€?p?€?v? €C?t?!€X??z?""€C?x?#€X??~?$€X??|?%€CX??b?&ˆ\‘aj?`?'€C?f?(€C?d?)ˆP?`??j?*€X??h?+€C?n?",ˆ¼‘aj?l?-?C?R?.ˆè ?P?/€CX??V?0?à?T?1ˆÀ???Z?2€C?X?3Šfalse?^?4ˆÈaj?\?5‹true?B?6ˆ ?HD?@?7?X??F?8€?D?9€CX??J?:€C?H?;ˆ°?(D?N?<?¯s\?2¨­PfÀĞàğÖîP?”‚şİ7?€?=?€44,23,2,0ú¿44,23,2,0ú¿44,23,2,"0ú¿?+???h?h?22ƒÿ???8?8?244 ???€?€s?€y?€-g??U`U`U23 ‡#m?	€9[?"
€OA?€EO?€[µñ,,,,,,,,,,
€Q£ñ€g©ñ€}—ñ?sñ€?‹ñ€?ññ€?ÿ?€?åñ€?Óñ€?Ùñ€?Çñ€¯pT4?n,,,,,,,,,,
,,,,,,,,,,
í3,4,,,,,,,,,
2,44,23,2,"00C;LC_CTYPE=C;LC_MONETARY=C;LC_NUMERIC=C;LC_TIME=C12??88?`?ÖJ2?Pf""rUº0?í???ÿÿÿÿÿÿÿÿÿÿÿÿÿÿÿÿÿÿÿÿÿÿÿÿÿÿÿÿÿÿÿÿÿÿÿÿÿÿÿÿÿÿÿÿÿÿÿÿÿÿÿÿÿÿÿÿÿÿÿÿÿÿÿÿÿÿÿÿÿÿÿÿÿÿÿÿÿÿÿÿÿÿÿÿÿÿÿÿÿÿÿÿÿÿÿÿÿÿÿÿÿÿÿÿÿÿÿÿÿÿÿÿÿÿÿÿÿÿÿÿÿÿÿÿÿÿÿÿÿÿÿÿÿÿÿÿÿÿÿÿÿÿÿÿÿÿÿÿÿÿÿÿÿÿÿÿÿÿÿÿÿÿÿÿÿÿÿÿÿÿÿÿÿÿÿÿÿÿÿÿÿÿÿÿÿÿÿÿÿÿÿÿÿÿÿÿÿÿÿÿÿÿÿÿÿÿÿÿÿÿÿÿÿÿÿÿÿÿÿÿÿÿÿÿÿÿÿÿÿÿÿÿÿÿÿÿÿÿÿÿÿÿÿÿbb?ø¡íSzh-CNnHans!!?x ?",,,,,,
,,,,,,,,,,
? ?hUploc;qps-plocm;qps-Latn-x-shÌrTU2,,,,,,,,,,
en-USen-AUen-CAen-GBen-HKen-IEen-NZen-SGar-SApt-BRzh-TWzh-CNzh-HKzh-SGcs-CZda-DKel-GRes-ARes-CLes-COes-ESes-MXes-USfi-FIfr-BEfr-CAfr-CHfr-FRde-ATde-CHde-DEhe-ILhu-HUit-ITja-JPko-KRnl-BEnl-NLnb-NOpl-PLpt-PTru-RUsv-SEtr-TRbg-BGhr-HRet-EElv-LVlt-LTro-ROsr-Latn-CSsr-Latn-RSsk-SKsl-SIth-THuk-UAfy-NLqps-plocqps-plocmqps-Latn-x-sh¯pT4?12??88?`?ÖJ2?PfwU0?ˆš13\AppData\Local\TempUSERDOMAIN=MSIUSERDOMAIN_ROAMINGPROFILE=MSIUSERNAME=WCZ13USERPROFILE=C:\Users\WCZ13VisualStudioDir=C:\Users\WCZ13\Documents\Visual Studio 2017VisualStudioEdition=Microsoft Visual Studio Community 2017VisualStudioVersion=15.0VSAPPIDDIR=C:\Program Files (x86)\Microsoft Visual Studio\2017\Community\Common7\IDE\VSAPPIDNAME=devenv.exeVSLANG=2052VSSKUEDITION=Communitywindir=C:\WINDOWS_NO_DEBUG_HEAP=1pin?MN??í,,,,,,,,,,
